{"cameraMode":{"drawMode":0,"name":"Shaded","section":"Shading Mode"},"sceneLighting":false,"audioPlay":false,"sceneViewState":{"m_AlwaysRefresh":false,"showFog":true,"showSkybox":true,"showFlares":true,"showImageEffects":true,"showParticleSystems":true,"showVisualEffectGraphs":true,"m_FxEnabled":true},"in2DMode":false,"pivot":{"x":-0.2708306908607483,"y":9.144902229309082,"z":2.9336509704589845},"rotation":{"x":0.005987599026411772,"y":0.06775148957967758,"z":0.0003922499599866569,"w":-0.9978229999542236},"size":3.0900540351867677,"orthographic":false}