{"cameraMode":{"drawMode":0,"name":"Shaded","section":"Shading Mode"},"sceneLighting":false,"audioPlay":false,"sceneViewState":{"m_AlwaysRefresh":false,"showFog":true,"showSkybox":true,"showFlares":true,"showImageEffects":true,"showParticleSystems":true,"showVisualEffectGraphs":true,"m_FxEnabled":true},"in2DMode":false,"pivot":{"x":2.948058605194092,"y":0.5663679242134094,"z":33.70179748535156},"rotation":{"x":0.10659019649028778,"y":0.018741223961114885,"z":-0.0021139539312571289,"w":0.9941616654396057},"size":8.233708381652832,"orthographic":false}