{"cameraMode":{"drawMode":0,"name":"Shaded","section":"Shading Mode"},"sceneLighting":false,"audioPlay":false,"sceneViewState":{"m_AlwaysRefresh":false,"showFog":true,"showSkybox":true,"showFlares":true,"showImageEffects":true,"showParticleSystems":true,"showVisualEffectGraphs":true,"m_FxEnabled":true},"in2DMode":false,"pivot":{"x":1.3777190446853638,"y":1.5042939186096192,"z":24.546449661254884},"rotation":{"x":0.11965586245059967,"y":0.07671735435724259,"z":-0.009411544539034367,"w":0.9898541569709778},"size":0.8660253882408142,"orthographic":false}