{"cameraMode":{"drawMode":0,"name":"Shaded","section":"Shading Mode"},"sceneLighting":false,"audioPlay":false,"sceneViewState":{"m_AlwaysRefresh":false,"showFog":true,"showSkybox":true,"showFlares":true,"showImageEffects":true,"showParticleSystems":true,"showVisualEffectGraphs":true,"m_FxEnabled":true},"in2DMode":false,"pivot":{"x":5.267810821533203,"y":30.19248390197754,"z":55.71790313720703},"rotation":{"x":-0.022418159991502763,"y":-0.09107064455747605,"z":0.001939043402671814,"w":-0.9957265853881836},"size":0.3744320869445801,"orthographic":false}